{"id": null, "schema_name": "qcschema_output", "schema_version": 1, "molecule": {"schema_name": "qcschema_molecule", "schema_version": 2, "validated": true, "symbols": ["C", "H", "Cl", "Cl", "Cl"], "geometry": [2.9656137850998658e-09, -0.9687340919818292, 0.0, 2.9656137850998658e-09, -3.028535571981829, 0.0, -3.135705707034386, 0.13990586801817084, 0.0, 1.5678528529656137, 0.13990586801817084, -2.71560069, 1.5678528529656137, 0.13990586801817084, 2.71560069], "name": "CCl3H", "molecular_charge": 0.0, "molecular_multiplicity": 1, "fix_com": false, "fix_orientation": false, "provenance": {"creator": "QCElemental", "version": "0.29.0", "routine": "qcelemental.molparse.from_string"}, "extras": {}}, "driver": "energy", "model": {"method": "mp2", "basis": "6-31g"}, "keywords": {"scf_type": "df"}, "protocols": {}, "extras": {"qcvars": {"CURRENT CORRELATION ENERGY": -0.23106583706990963, "CURRENT ENERGY": -1417.00173822982, "CURRENT REFERENCE ENERGY": -1416.77067239275, "CUSTOM SCS-MP2 CORRELATION ENERGY": -0.22831132218639333, "CUSTOM SCS-MP2 TOTAL ENERGY": -1416.9989837149362, "DD SOLVATION ENERGY": 0.0, "HF KINETIC ENERGY": 1417.6493056710624, "HF POTENTIAL ENERGY": -2834.419978063812, "HF TOTAL ENERGY": -1416.7706723927497, "HF VIRIAL RATIO": 1.9993802181718723, "MP2 CORRELATION ENERGY": -0.23106583706990963, "MP2 DOUBLES ENERGY": -0.23106583706990963, "MP2 OPPOSITE-SPIN CORRELATION ENERGY": -0.17456466518818092, "MP2 SAME-SPIN CORRELATION ENERGY": -0.05650117188172872, "MP2 SINGLES ENERGY": -1.632133886168395e-27, "MP2 TOTAL ENERGY": -1417.00173822982, "NUCLEAR REPULSION ENERGY": 265.99146430826397, "ONE-ELECTRON ENERGY": -2486.1482036157986, "PCM POLARIZATION ENERGY": 0.0, "PE ENERGY": 0.0, "SCF ITERATION ENERGY": -1416.77067239275, "SCF ITERATIONS": 10.0, "SCF TOTAL ENERGY": -1416.77067239275, "SCS-MP2 CORRELATION ENERGY": -0.22831132218639333, "SCS-MP2 TOTAL ENERGY": -1416.9989837149362, "TWO-ELECTRON ENERGY": 803.386066914785, "CURRENT DIPOLE": [4.164460953859361e-08, -0.6835194829116662, -2.220446049250313e-15], "SCF DIPOLE": [4.164460953859361e-08, -0.6835194829116662, -2.220446049250313e-15], "SCF TOTAL ENERGIES": [-1418.5020314608105, -1415.908459875283, -1416.4368490089264, -1416.7621617848133, -1416.77037374659, -1416.770659124045, -1416.7706719446862, -1416.7706723851747, -1416.7706723926187, -1416.7706723927445, -1416.77067239275]}}, "provenance": {"creator": "Psi4", "version": "1.10a1.dev75", "routine": "psi4.schema_runner.run_qcschema", "nthreads": 8, "module": "dfmp2", "memory": 1.067, "cpu": "Apple M1", "wall_time": 1.8490889072418213, "qcengine_version": "v0.32.0", "username": "sparshtrivedy", "hostname": "dhcp-206-87-107-211.ubcsecure.wireless.ubc.ca"}, "properties": {"calcinfo_nbasis": 50, "calcinfo_nmo": 50, "calcinfo_nalpha": 29, "calcinfo_nbeta": 29, "calcinfo_natom": 5, "nuclear_repulsion_energy": 265.99146430826397, "return_energy": -1417.00173822982, "return_gradient": null, "return_hessian": null, "scf_one_electron_energy": -2486.1482036157986, "scf_two_electron_energy": 803.386066914785, "scf_dipole_moment": [4.164460953859361e-08, -0.6835194829116662, -2.220446049250313e-15], "scf_total_energy": -1416.77067239275, "scf_total_gradient": null, "scf_total_hessian": null, "scf_iterations": 10, "mp2_same_spin_correlation_energy": -0.05650117188172872, "mp2_opposite_spin_correlation_energy": -0.17456466518818092, "mp2_singles_energy": -1.632133886168395e-27, "mp2_doubles_energy": -0.23106583706990963, "mp2_correlation_energy": -0.23106583706990963, "mp2_total_energy": -1417.00173822982, "mp2_dipole_moment": null}, "wavefunction": null, "return_result": -1417.00173822982, "stdout": "\n    -----------------------------------------------------------------------\n          Psi4: An Open-Source Ab Initio Electronic Structure Package\n                               Psi4 1.10a1.dev75 \n\n                         Git: Rev {master} 4365043 dirty\n\n\n    D. G. A. Smith, L. A. Burns, A. C. Simmonett, R. M. Parrish,\n    M. C. Schieber, R. Galvelis, P. Kraus, H. Kruse, R. Di Remigio,\n    A. Alenaizan, A. M. James, S. Lehtola, J. P. Misiewicz, M. Scheurer,\n    R. A. Shaw, J. B. Schriber, Y. Xie, Z. L. Glick, D. A. Sirianni,\n    J. S. O'Brien, J. M. Waldrop, A. Kumar, E. G. Hohenstein,\n    B. P. Pritchard, B. R. Brooks, H. F. Schaefer III, A. Yu. Sokolov,\n    K. Patkowski, A. E. DePrince III, U. Bozkaya, R. A. King,\n    F. A. Evangelista, J. M. Turney, T. D. Crawford, C. D. Sherrill,\n    J. Chem. Phys. 152(18) 184108 (2020). https://doi.org/10.1063/5.0006002\n\n                            Additional Code Authors\n    E. T. Seidl, C. L. Janssen, E. F. Valeev, M. L. Leininger,\n    J. F. Gonthier, R. M. Richard, H. R. McAlexander, M. Saitow, X. Wang,\n    P. Verma, M. H. Lechner, A. Jiang, S. Behnle, A. G. Heide,\n    M. F. Herbst, and D. L. Poole\n\n             Previous Authors, Complete List of Code Contributors,\n                       and Citations for Specific Modules\n    https://github.com/psi4/psi4/blob/master/codemeta.json\n    https://github.com/psi4/psi4/graphs/contributors\n    http://psicode.org/psi4manual/master/introduction.html#citing-psifour\n\n    -----------------------------------------------------------------------\n\n\n    Psi4 started on: Sunday, 11 May 2025 10:03PM\n\n    Process ID: 2455\n    Host:       dhcp-206-87-107-211.ubcsecure.wireless.ubc.ca\n    PSIDATADIR: /Users/sparshtrivedy/psi4/objdir_p4dev/stage/share/psi4\n    Memory:     1.1 GiB\n    Threads:    8\n    \n  ==> Input QCSchema <==\n\n--------------------------------------------------------------------------\n{'driver': 'energy',\n 'extras': {},\n 'id': None,\n 'keywords': {'scf_type': 'df'},\n 'model': {'basis': '6-31g', 'method': 'mp2'},\n 'molecule': {'extras': {},\n              'fix_com': False,\n              'fix_orientation': False,\n              'geometry': [0.0, 0.0, 0.0, 0.0, -2.05980148, 0.0, -3.13570571, 1.10863996, 0.0, 1.56785285, 1.10863996,\n                           -2.71560069, 1.56785285, 1.10863996, 2.71560069],\n              'molecular_charge': 0.0,\n              'molecular_multiplicity': 1,\n              'name': 'CCl3H',\n              'provenance': {'creator': 'QCElemental',\n                             'routine': 'qcelemental.molparse.from_string',\n                             'version': '0.29.0'},\n              'schema_name': 'qcschema_molecule',\n              'schema_version': 2,\n              'symbols': ['C', 'H', 'Cl', 'Cl', 'Cl'],\n              'validated': True},\n 'protocols': {},\n 'provenance': {'creator': 'QCElemental', 'routine': 'qcelemental.models.results', 'version': '0.29.0'},\n 'schema_name': 'qcschema_input',\n 'schema_version': 1}\n--------------------------------------------------------------------------\n\nScratch directory: /var/folders/bm/lvl4y5_12tj9s_yrnk30wxlr0000gn/T/tmp5d7snife_psi_scratch/\n   => Libint2 <=\n\n    Primary   basis highest AM E, G, H:  6, 6, 3\n    Auxiliary basis highest AM E, G, H:  7, 7, 4\n    Onebody   basis highest AM E, G, H:  -, -, -\n    Solid Harmonics ordering:            Gaussian\n\n*** tstart() called on dhcp-206-87-107-211.ubcsecure.wireless.ubc.ca\n*** at Sun May 11 22:03:02 2025\n\n   => Loading Basis Set <=\n\n    Name: 6-31G\n    Role: ORBITAL\n    Keyword: BASIS\n    atoms 1   entry C          line    87 file /Users/sparshtrivedy/psi4/objdir_p4dev/stage/share/psi4/basis/6-31g.gbs \n    atoms 2   entry H          line    26 file /Users/sparshtrivedy/psi4/objdir_p4dev/stage/share/psi4/basis/6-31g.gbs \n    atoms 3-5 entry CL         line   294 file /Users/sparshtrivedy/psi4/objdir_p4dev/stage/share/psi4/basis/6-31g.gbs \n\n\n         ---------------------------------------------------------\n                                   SCF\n               by Justin Turney, Rob Parrish, Andy Simmonett\n                          and Daniel G. A. Smith\n                              RHF Reference\n                        8 Threads,   1092 MiB Core\n         