{"id": null, "schema_name": "qcschema_output", "schema_version": 1, "molecule": {"schema_name": "qcschema_molecule", "schema_version": 2, "validated": true, "symbols": ["C", "H", "Cl", "Cl", "Cl"], "geometry": [2.9656137850998658e-09, -0.9687340919818292, 0.0, 2.9656137850998658e-09, -3.028535571981829, 0.0, -3.135705707034386, 0.13990586801817084, 0.0, 1.5678528529656137, 0.13990586801817084, -2.71560069, 1.5678528529656137, 0.13990586801817084, 2.71560069], "name": "CCl3H", "molecular_charge": 0.0, "molecular_multiplicity": 1, "fix_com": false, "fix_orientation": false, "provenance": {"creator": "QCElemental", "version": "0.29.0", "routine": "qcelemental.molparse.from_string"}, "extras": {}}, "driver": "energy", "model": {"method": "b3lyp", "basis": "sto-3g"}, "keywords": {"scf_type": "df"}, "protocols": {}, "extras": {"qcvars": {"CURRENT ENERGY": -1403.7556529653941, "CURRENT REFERENCE ENERGY": -1403.7556529653941, "DD SOLVATION ENERGY": 0.0, "DFT FUNCTIONAL TOTAL ENERGY": -1403.7556529653941, "DFT TOTAL ENERGY": -1403.7556529653941, "DFT VV10 ENERGY": 0.0, "DFT XC ENERGY": -72.62733865662024, "GRID ELECTRONS ALPHA": 29.000000209133688, "GRID ELECTRONS BETA": 29.000000209133688, "GRID ELECTRONS TOTAL": 58.000000418267376, "NUCLEAR REPULSION ENERGY": 265.99146430826397, "ONE-ELECTRON ENERGY": -2468.728616659038, "PCM POLARIZATION ENERGY": 0.0, "PE ENERGY": 0.0, "SCF ITERATION ENERGY": -1403.7556529653941, "SCF ITERATIONS": 7.0, "SCF TOTAL ENERGY": -1403.7556529653941, "TWO-ELECTRON ENERGY": 871.6088380420001, "XC GRID RADIAL POINTS": 75.0, "XC GRID SPHERICAL POINTS": 302.0, "XC GRID TOTAL POINTS": 101700.0, "CURRENT DIPOLE": [2.6801262009712445e-06, -0.62532482175367, -2.220446049250313e-15], "SCF DIPOLE": [2.6801262009712445e-06, -0.62532482175367, -2.220446049250313e-15], "SCF TOTAL ENERGIES": [-1402.1010347647427, -1402.3942124852706, -1401.284601345491, -1403.7486753831097, -1403.7551229126047, -1403.7555957452612, -1403.7556524182428, -1403.7556529653941]}}, "provenance": {"creator": "Psi4", "version": "1.10a1.dev75", "routine": "psi4.schema_runner.run_qcschema", "hostname": "dhcp-206-87-107-211.ubcsecure.wireless.ubc.ca", "memory": 1.128, "nthreads": 8, "module": "scf", "username": "sparshtrivedy", "qcengine_version": "v0.32.0", "wall_time": 2.2363522052764893, "cpu": "Apple M1"}, "properties": {"calcinfo_nbasis": 33, "calcinfo_nmo": 33, "calcinfo_nalpha": 29, "calcinfo_nbeta": 29, "calcinfo_natom": 5, "nuclear_repulsion_energy": 265.99146430826397, "return_energy": -1403.7556529653941, "return_gradient": null, "return_hessian": null, "scf_one_electron_energy": -2468.728616659038, "scf_two_electron_energy": 871.6088380420001, "scf_xc_energy": -72.62733865662024, "scf_dipole_moment": [2.6801262009712445e-06, -0.62532482175367, -2.220446049250313e-15], "scf_total_energy": -1403.7556529653941, "scf_total_gradient": null, "scf_total_hessian": null, "scf_iterations": 7}, "wavefunction": null, "return_result": -1403.7556529653941, "stdout": "\n    -----------------------------------------------------------------------\n          Psi4: An Open-Source Ab Initio Electronic Structure Package\n                               Psi4 1.10a1.dev75 \n\n                         Git: Rev {master} 4365043 dirty\n\n\n    D. G. A. Smith, L. A. Burns, A. C. Simmonett, R. M. Parrish,\n    M. C. Schieber, R. Galvelis, P. Kraus, H. Kruse, R. Di Remigio,\n    A. Alenaizan, A. M. James, S. Lehtola, J. P. Misiewicz, M. Scheurer,\n    R. A. Shaw, J. B. Schriber, Y. Xie, Z. L. Glick, D. A. Sirianni,\n    J. S. O'Brien, J. M. Waldrop, A. Kumar, E. G. Hohenstein,\n    B. P. Pritchard, B. R. Brooks, H. F. Schaefer III, A. Yu. Sokolov,\n    K. Patkowski, A. E. DePrince III, U. Bozkaya, R. A. King,\n    F. A. Evangelista, J. M. Turney, T. D. Crawford, C. D. Sherrill,\n    J. Chem. Phys. 152(18) 184108 (2020). https://doi.org/10.1063/5.0006002\n\n                            Additional Code Authors\n    E. T. Seidl, C. L. Janssen, E. F. Valeev, M. L. Leininger,\n    J. F. Gonthier, R. M. Richard, H. R. McAlexander, M. Saitow, X. Wang,\n    P. Verma, M. H. Lechner, A. Jiang, S. Behnle, A. G. Heide,\n    M. F. Herbst, and D. L. Poole\n\n             Previous Authors, Complete List of Code Contributors,\n                       and Citations for Specific Modules\n    https://github.com/psi4/psi4/blob/master/codemeta.json\n    https://github.com/psi4/psi4/graphs/contributors\n    http://psicode.org/psi4manual/master/introduction.html#citing-psifour\n\n    -----------------------------------------------------------------------\n\n\n    Psi4 started on: Sunday, 11 May 2025 01:34AM\n\n    Process ID: 13076\n    Host:       dhcp-206-87-107-211.ubcsecure.wireless.ubc.ca\n    PSIDATADIR: /Users/sparshtrivedy/psi4/objdir_p4dev/stage/share/psi4\n    Memory:     1.1 GiB\n    Threads:    8\n    \n  ==> Input QCSchema <==\n\n--------------------------------------------------------------------------\n{'driver': 'energy',\n 'extras': {},\n 'id': None,\n 'keywords': {'scf_type': 'df'},\n 'model': {'basis': 'sto-3g', 'method': 'b3lyp'},\n 'molecule': {'extras': {},\n              'fix_com': False,\n              'fix_orientation': False,\n              'geometry': [0.0, 0.0, 0.0, 0.0, -2.05980148, 0.0, -3.13570571, 1.10863996, 0.0, 1.56785285, 1.10863996,\n                           -2.71560069, 1.56785285, 1.10863996, 2.71560069],\n              'molecular_charge': 0.0,\n              'molecular_multiplicity': 1,\n              'name': 'CCl3H',\n              'provenance': {'creator': 'QCElemental',\n                             'routine': 'qcelemental.molparse.from_string',\n                             'version': '0.29.0'},\n              'schema_name': 'qcschema_molecule',\n              'schema_version': 2,\n              'symbols': ['C', 'H', 'Cl', 'Cl', 'Cl'],\n              'validated': True},\n 'protocols': {},\n 'provenance': {'creator': 'QCElemental', 'routine': 'qcelemental.models.results', 'version': '0.29.0'},\n 'schema_name': 'qcschema_input',\n 'schema_version': 1}\n--------------------------------------------------------------------------\n\nScratch directory: /var/folders/bm/lvl4y5_12tj9s_yrnk30wxlr0000gn/T/tmpybu355q0_psi_scratch/\n   => Libint2 <=\n\n    Primary   basis highest AM E, G, H:  6, 6, 3\n    Auxiliary basis highest AM E, G, H:  7, 7, 4\n    Onebody   basis highest AM E, G, H:  -, -, -\n    Solid Harmonics ordering:            Gaussian\n\n*** tstart() called on dhcp-206-87-107-211.ubcsecure.wireless.ubc.ca\n*** at Sun May 11 01:34:56 2025\n\n   => Loading Basis Set <=\n\n    Name: STO-3G\n    Role: ORBITAL\n    Keyword: BASIS\n    atoms 1   entry C          line    61 file /Users/sparshtrivedy/psi4/objdir_p4dev/stage/share/psi4/basis/sto-3g.gbs \n    atoms 2   entry H          line    19 file /Users/sparshtrivedy/psi4/objdir_p4dev/stage/share/psi4/basis/sto-3g.gbs \n    atoms 3-5 entry CL         line   195 file /Users/sparshtrivedy/psi4/objdir_p4dev/stage/share/psi4/basis/sto-3g.gbs \n\n\n         ---------------------------------------------------------\n                                   SCF\n               by Justin Turney, Rob Parrish, Andy Simmonett\n                          and Daniel G. A. Smith\n                              RKS Reference\n                        8 Threads,   1155 MiB Core\n         ---------------------------------------------------------\n\n  ==> Geometry <==\n\n    Molecular point group: cs\n    Full point group: Cs\n\n    Geometry (in Bohr), charge = 0, multiplicity = 1:\n\n       Center              X                  Y                   Z               Mass       \n    ------------   -----------------  -----------------  -----------------  -----------------\n         C            0.000000002966    -0.968734091982     0.000000000000    12.000000000000\n         H            0.000000002966    -3.028535571982     0.000000000000     1.007825032230\n         CL          -3.135705707034     0.139905868018     0.000000000000    